time,replicas,running,ip_failures,unschedulable,pods_in_pod_cidr,node_subnet_free,pod_subnet_free,cni_total_ips,cni_assigned_ips,enis_in_node_subnets
13:21:52,0,0,0,0,0,28,16362,30,2,6
13:22:59,5,5,0,0,0,28,16350,40,7,6
13:24:08,10,10,0,0,0,28,16350,40,12,6
13:25:16,15,15,0,0,0,28,16350,40,17,6
13:26:29,20,20,0,0,2,28,16338,50,22,6
13:27:41,25,25,0,0,7,28,16326,60,27,6
13:28:54,30,30,0,0,12,28,16326,60,32,6
13:30:02,35,35,0,0,17,28,16326,60,37,6
13:31:11,40,40,0,0,22,28,16326,60,42,6
13:32:20,45,45,0,0,27,28,16326,60,47,6
13:33:29,50,50,0,0,32,28,16326,60,52,6
13:34:36,55,55,0,0,37,28,16326,60,57,6
13:35:45,58,58,0,0,40,28,16326,60,60,6
